Plot_Treatment,Plot_Replicate,Footprint,Plot_ID,Footprint_Full,Days_Since_Irrigation,Sample_Week,Start_Date,Start_Time_EDT,Start_Time_UTC,End_Date,End_Time_EDT,End_Time_UTC,Collector,Comments
T1,R1,D1,T1_R1_D1,Y1 Drought (soy),1,1,2021-07-07,10:58,14:58,2021-07-09,11:29,15:29,RM,not deep enough
T1,R1,IR,T1_R1_IR,Control (irrigated),1,1,2021-07-07,NA,NA,2021-07-09,11:31,15:31,HS,
T1,R1,VR,T1_R1_VR,Variable Rainfall,1,1,2021-07-07,10:57,14:57,2021-07-09,11:27,15:27,JDS,
T1,R2,D1,T1_R2_D1,Y1 Drought (soy),1,1,2021-07-07,10:29,14:29,2021-07-09,10:57,14:57,RM,
T1,R2,IR,T1_R2_IR,Control (irrigated),1,1,2021-07-07,10:26,14:26,2021-07-09,10:54,14:54,HS,hammered down after collecting
T1,R2,VR,T1_R2_VR,Variable Rainfall,1,1,2021-07-07,10:28,14:28,2021-07-09,10:58,14:58,JDS,
T1,R3,D1,T1_R3_D1,Y1 Drought (soy),0,1,2021-07-06,10:25,14:25,2021-07-08,10:33,14:33,RM,
T1,R3,IR,T1_R3_IR,Control (irrigated),0,1,2021-07-06,10:22,14:22,2021-07-08,10:30,14:30,AMS,
T1,R3,VR,T1_R3_VR,Variable Rainfall,0,1,2021-07-06,10:20,14:20,2021-07-08,10:32,14:32,JDS,
T1,R4,D1,T1_R4_D1,Y1 Drought (soy),0,1,2021-07-06,10:42,14:42,2021-07-08,10:47,14:47,RM,not deep enough?
T1,R4,IR,T1_R4_IR,Control (irrigated),0,1,2021-07-06,10:43,14:43,2021-07-08,10:49,14:49,AMS,
T1,R4,VR,T1_R4_VR,Variable Rainfall,0,1,2021-07-06,10:42,14:42,2021-07-08,10:51,14:51,JDS,
T2,R1,D1,T2_R1_D1,Y1 Drought (soy),1,1,2021-07-07,10:06,14:06,2021-07-09,10:33,14:33,RM,hammered down after collecting
T2,R1,IR,T2_R1_IR,Control (irrigated),1,1,2021-07-07,10:02,14:02,2021-07-09,10:38,14:38,HS,"buried; fell over, no data, found tube"
T2,R1,VR,T2_R1_VR,Variable Rainfall,1,1,2021-07-07,10:04,14:04,2021-07-09,10:36,14:36,JDS,in between rows
T2,R3,D1,T2_R3_D1,Y1 Drought (soy),0,1,2021-07-06,11:01,15:01,2021-07-08,11:07,15:07,RM,not deep enough
T2,R3,IR,T2_R3_IR,Control (irrigated),0,1,2021-07-06,11:08,15:08,2021-07-08,11:05,15:05,AMS,"buried, couldn't find PVC "
T2,R3,VR,T2_R3_VR,Variable Rainfall,0,1,2021-07-06,11:02,15:02,2021-07-08,11:03,15:03,JDS,
T2,R4,D1,T2_R4_D1,Y1 Drought (soy),1,1,2021-07-07,10:42,14:42,2021-07-09,11:10,15:10,RM,
T2,R4,IR,T2_R4_IR,Control (irrigated),1,1,2021-07-07,10:38,14:38,2021-07-09,11:07,15:07,HS,hammered down after collecting
T2,R4,VR,T2_R4_VR,Variable Rainfall,1,1,2021-07-07,10:40,14:40,2021-07-09,11:11,15:11,JDS,not deep enough
T2,R6,D1,T2_R6_D1,Y1 Drought (soy),0,1,2021-07-06,10:03,14:03,2021-07-08,10:17,14:17,RM,
T2,R6,IR,T2_R6_IR,Control (irrigated),0,1,2021-07-06,10:02,14:02,2021-07-08,10:18,14:18,AMS,"cornstalk fell in, insects could have crawled out"
T2,R6,VR,T2_R6_VR,Variable Rainfall,0,1,2021-07-06,10:03,14:03,2021-07-08,10:15,14:15,JDS,
T7,R1,D1,T7_R1_D1,Y1 Drought (soy),1,1,2021-07-07,10:50,14:50,2021-07-09,11:17,15:17,RM,hammered down after collecting
T7,R1,IR,T7_R1_IR,Control (irrigated),1,1,2021-07-07,10:49,14:49,2021-07-09,11:20,15:20,HS,hammered down after collecting
T7,R1,VR,T7_R1_VR,Variable Rainfall,1,1,2021-07-07,10:52,14:52,2021-07-09,11:22,15:22,JDS,hammered down after collecting
T7,R2,D1,T7_R2_D1,Y1 Drought (soy),1,1,2021-07-07,10:19,14:19,2021-07-09,10:49,14:49,RM,hammered down after collecting
T7,R2,IR,T7_R2_IR,Control (irrigated),1,1,2021-07-07,10:16,14:16,2021-07-09,10:46,14:46,HS,hammered down after collecting
T7,R2,VR,T7_R2_VR,Variable Rainfall,1,1,2021-07-07,10:19,14:19,2021-07-09,10:44,14:44,JDS,"not deep enough, hammered down after collecting"
T7,R3,D1,T7_R3_D1,Y1 Drought (soy),0,1,2021-07-06,10:50,14:50,2021-07-08,10:55,14:55,RM,"not deep enough, hammered down after collecting"
T7,R3,IR,T7_R3_IR,Control (irrigated),0,1,2021-07-06,10:48,14:48,2021-07-08,10:57,14:57,AMS,hammered down after collecting
T7,R3,VR,T7_R3_VR,Variable Rainfall,0,1,2021-07-06,10:50,14:50,2021-07-08,10:53,14:53,JDS,"not deep enough, hammered down after collecting"
T7,R4,D1,T7_R4_D1,Y1 Drought (soy),0,1,2021-07-06,10:32,14:32,2021-07-08,10:37,14:37,RM,hammered down after collecting
T7,R4,IR,T7_R4_IR,Control (irrigated),0,1,2021-07-06,10:30,14:30,2021-07-08,10:41,14:41,AMS,hammered down after collecting
T7,R4,VR,T7_R4_VR,Variable Rainfall,0,1,2021-07-06,10:32,14:32,2021-07-08,10:39,14:39,JDS,"not deep enough, hammered down after collecting"
T7,R5,D1,T7_R5_D1,Y1 Drought (soy),0,1,2021-07-06,11:15,15:15,2021-07-08,11:13,15:13,RM,"not deep enough, hammered down after collecting"
T7,R5,IR,T7_R5_IR,Control (irrigated),0,1,2021-07-06,11:14,15:14,2021-07-08,11:11,15:11,AMS,"not deep enough, hammered down after collecting"
T7,R5,VR,T7_R5_VR,Variable Rainfall,0,1,2021-07-06,11:15,15:15,2021-07-08,11:16,15:16,JDS,"not deep enough, hammered down after collecting"
T7,R6,D1,T7_R6_D1,Y1 Drought (soy),1,1,2021-07-07,9:52,13:52,2021-07-09,10:23,14:23,RM,on ant hill
T7,R6,IR,T7_R6_IR,Control (irrigated),1,1,2021-07-07,9:48,13:48,2021-07-09,10:22,14:22,HS,
T7,R6,VR,T7_R6_VR,Variable Rainfall,1,1,2021-07-07,9:52,13:52,2021-07-09,10:25,14:25,JDS,
T1,R1,D1,T1_R1_D1,Y1 Drought (soy),4,2,2021-07-13,15:39,19:39,2021-07-15,15:19,19:19,RM,sprinklers on
T1,R1,IR,T1_R1_IR,Control (irrigated),1,2,2021-07-13,15:43,19:43,2021-07-15,15:18,19:18,RM,sprinklers on
T1,R1,VR,T1_R1_VR,Variable Rainfall,6,2,2021-07-13,15:36,19:36,2021-07-15,15:17,19:17,HS,trap partly dug up
T1,R4,D1,T1_R4_D1,Y1 Drought (soy),4,2,2021-07-13,14:48,18:48,2021-07-15,15:04,19:04,RM,
T1,R4,IR,T1_R4_IR,Control (irrigated),1,2,2021-07-13,14:50,18:50,2021-07-15,15:05,19:05,HS,
T1,R4,VR,T1_R4_VR,Variable Rainfall,7,2,2021-07-13,14:46,18:46,2021-07-15,15:05,19:05,HS,
T2,R1,D1,T2_R1_D1,Y1 Drought (soy),4,2,2021-07-13,14:08,18:08,2021-07-15,14:56,18:56,RM,datasheet out of trap
T2,R1,IR,T2_R1_IR,Control (irrigated),1,2,2021-07-13,14:10,18:10,2021-07-15,14:55,18:55,HS,
T2,R1,VR,T2_R1_VR,Variable Rainfall,6,2,2021-07-13,14:06,18:06,2021-07-15,14:56,18:56,HS,datasheet out of trap
T2,R3,D1,T2_R3_D1,Y1 Drought (soy),4,2,2021-07-13,15:25,19:25,2021-07-15,15:14,19:14,HS,
T2,R3,IR,T2_R3_IR,Control (irrigated),1,2,2021-07-13,15:26,19:26,2021-07-15,15:13,19:13,RM,
T2,R3,VR,T2_R3_VR,Variable Rainfall,7,2,2021-07-13,15:30,19:30,2021-07-15,15:14,19:14,HS,
T7,R2,D1,T7_R2_D1,Y1 Drought (soy),4,2,2021-07-13,14:18,18:18,2021-07-15,15:01,19:01,HS,
T7,R2,IR,T7_R2_IR,Control (irrigated),1,2,2021-07-13,14:22,18:22,2021-07-15,14:59,18:59,RM,
T7,R2,VR,T7_R2_VR,Variable Rainfall,6,2,2021-07-13,14:19,18:19,2021-07-15,15:00,19:00,RM,
T7,R5,D1,T7_R5_D1,Y1 Drought (soy),4,2,2021-07-13,15:03,19:03,2021-07-15,15:10,19:10,RM,
T7,R5,IR,T7_R5_IR,Control (irrigated),1,2,2021-07-13,14:59,18:59,2021-07-15,15:10,19:10,RM,sprinklers on for a few minutes
T7,R5,VR,T7_R5_VR,Variable Rainfall,7,2,2021-07-13,14:57,18:57,2021-07-15,15:10,19:10,HS,
T7,R6,D1,T7_R6_D1,Y1 Drought (soy),4,2,2021-07-13,14:00,18:00,2021-07-15,14:51,18:51,RM,stick sticking out
T7,R6,IR,T7_R6_IR,Control (irrigated),1,2,2021-07-13,13:55,17:55,2021-07-15,14:50,18:50,HS,
T7,R6,VR,T7_R6_VR,Variable Rainfall,6,2,2021-07-13,13:56,17:56,2021-07-15,14:50,18:50,RM,
T1,R2,D1,T1_R2_D1,Y1 Drought (soy),6,3,2021-07-21,9:37,13:37,2021-07-23,10:31,14:31,HS,label half outside of trap when collecting
T1,R2,IR,T1_R2_IR,Control (irrigated),6,3,2021-07-21,9:40,13:40,2021-07-23,10:27,14:27,AMS,label outside of trap when collecting
T1,R2,VR,T1_R2_VR,Variable Rainfall,2,3,2021-07-21,9:38,13:38,2021-07-23,10:27,14:27,AMS,
T1,R3,D1,T1_R3_D1,Y1 Drought (soy),2,3,2021-07-19,9:50,13:50,2021-07-21,10:05,14:05,AMS,
T1,R3,IR,T1_R3_IR,Control (irrigated),2,3,2021-07-19,9:42,13:42,2021-07-21,9:54,13:54,AMS,
T1,R3,VR,T1_R3_VR,Variable Rainfall,13,3,2021-07-19,9:46,13:46,2021-07-21,9:56,13:56,AMS,
T2,R4,D1,T2_R4_D1,Y1 Drought (soy),2,3,2021-07-19,10:13,14:13,2021-07-21,10:32,14:32,AMS,
T2,R4,IR,T2_R4_IR,Control (irrigated),2,3,2021-07-19,10:07,14:07,2021-07-21,10:28,14:28,AMS,
T2,R4,VR,T2_R4_VR,Variable Rainfall,12,3,2021-07-19,10:10,14:10,2021-07-21,10:30,14:30,AMS,
T2,R6,D1,T2_R6_D1,Y1 Drought (soy),2,3,2021-07-19,9:34,13:34,2021-07-21,9:39,13:39,AMS,
T2,R6,IR,T2_R6_IR,Control (irrigated),2,3,2021-07-19,9:27,13:27,2021-07-21,9:34,13:34,AMS,
T2,R6,VR,T2_R6_VR,Variable Rainfall,13,3,2021-07-19,9:31,13:31,2021-07-21,9:36,13:36,AMS,
T7,R1,D1,T7_R1_D1,Y1 Drought (soy),6,3,2021-07-21,9:59,13:59,2021-07-23,10:09,14:09,AMS,
T7,R1,IR,T7_R1_IR,Control (irrigated),6,3,2021-07-21,10:00,14:00,2021-07-23,10:09,14:09,HS,
T7,R1,VR,T7_R1_VR,Variable Rainfall,2,3,2021-07-21,10:01,14:01,2021-07-23,10:11,14:11,AMS,
T7,R3,D1,T7_R3_D1,Y1 Drought (soy),6,3,2021-07-21,9:48,13:48,2021-07-23,10:20,14:20,AMS,
T7,R3,IR,T7_R3_IR,Control (irrigated),6,3,2021-07-21,9:51,13:51,2021-07-23,10:18,14:18,AMS,
T7,R3,VR,T7_R3_VR,Variable Rainfall,2,3,2021-07-21,9:49,13:49,2021-07-23,10:17,14:17,HS,
T7,R4,D1,T7_R4_D1,Y1 Drought (soy),2,3,2021-07-19,10:01,14:01,2021-07-21,10:15,14:15,AMS,
T7,R4,IR,T7_R4_IR,Control (irrigated),2,3,2021-07-19,9:55,13:55,2021-07-21,10:11,14:11,AMS,
T7,R4,VR,T7_R4_VR,Variable Rainfall,13,3,2021-07-19,9:59,13:59,2021-07-21,10:13,14:13,AMS,
T1,R1,D1,T1_R1_D1,Y1 Drought (soy),12,4,2021-07-26,11:35,15:35,2021-07-28,10:33,14:33,ECM,
T1,R1,IR,T1_R1_IR,Control (irrigated),3,4,2021-07-26,11:35,15:35,2021-07-28,10:33,14:33,HS,
T1,R1,VR,T1_R1_VR,Variable Rainfall,6,4,2021-07-26,11:35,15:35,2021-07-28,10:32,14:32,ECO,
T1,R2,D1,T1_R2_D1,Y1 Drought (soy),12,4,2021-07-26,10:45,14:45,2021-07-28,10:03,14:03,ECO,
T1,R2,IR,T1_R2_IR,Control (irrigated),3,4,2021-07-26,10:45,14:45,2021-07-28,10:03,14:03,HS,label outside of trap
T1,R2,VR,T1_R2_VR,Variable Rainfall,6,4,2021-07-26,10:49,14:49,2021-07-28,10:03,14:03,HS,
T1,R3,D1,T1_R3_D1,Y1 Drought (soy),11,4,2021-07-26,10:18,14:18,2021-07-28,9:50,13:50,HS,
T1,R3,IR,T1_R3_IR,Control (irrigated),3,4,2021-07-26,10:22,14:22,2021-07-28,9:49,13:49,HS,
T1,R3,VR,T1_R3_VR,Variable Rainfall,4,4,2021-07-26,10:27,14:27,2021-07-28,9:52,13:52,HS,PVC needs to be hammered
T1,R4,D1,T1_R4_D1,Y1 Drought (soy),11,4,2021-07-26,10:57,14:57,2021-07-28,10:08,14:08,HS,
T1,R4,IR,T1_R4_IR,Control (irrigated),3,4,2021-07-26,10:58,14:58,2021-07-28,10:09,14:09,ECO,ethanol spill when removed
T1,R4,VR,T1_R4_VR,Variable Rainfall,4,4,2021-07-26,11:02,15:02,2021-07-28,10:09,14:09,RM,
T2,R1,D1,T2_R1_D1,Y1 Drought (soy),12,4,2021-07-26,9:58,13:58,2021-07-28,9:43,13:43,ECO,
T2,R1,IR,T2_R1_IR,Control (irrigated),3,4,2021-07-26,10:02,14:02,2021-07-28,9:42,13:42,ECO,
T2,R1,VR,T2_R1_VR,Variable Rainfall,6,4,2021-07-26,9:59,13:59,2021-07-28,9:43,13:43,HS,
T2,R3,D1,T2_R3_D1,Y1 Drought (soy),12,4,2021-07-26,11:28,15:28,2021-07-28,10:28,14:28,ECO,
T2,R3,IR,T2_R3_IR,Control (irrigated),3,4,2021-07-26,11:29,15:29,2021-07-28,10:28,14:28,HS,
T2,R3,VR,T2_R3_VR,Variable Rainfall,6,4,2021-07-26,11:29,15:29,2021-07-28,10:27,14:27,RCM,
T2,R4,D1,T2_R4_D1,Y1 Drought (soy),11,4,2021-07-26,11:22,15:22,2021-07-28,10:24,14:24,HS,
T2,R4,IR,T2_R4_IR,Control (irrigated),3,4,2021-07-26,11:23,15:23,2021-07-28,10:24,14:24,RM,
T2,R4,VR,T2_R4_VR,Variable Rainfall,4,4,2021-07-26,11:21,15:21,2021-07-28,10:23,14:23,ECO,
T2,R6,D1,T2_R6_D1,Y1 Drought (soy),11,4,2021-07-26,9:46,13:46,2021-07-28,9:37,13:37,HS,label outside of trap
T2,R6,IR,T2_R6_IR,Control (irrigated),3,4,2021-07-26,9:43,13:43,2021-07-28,9:36,13:36,ECO,
T2,R6,VR,T2_R6_VR,Variable Rainfall,4,4,2021-07-26,9:42,13:42,2021-07-28,9:37,13:37,HS ,
T7,R1,D1,T7_R1_D1,Y1 Drought (soy),12,4,2021-07-26,11:15,15:15,2021-07-28,10:19,14:19,RM,
T7,R1,IR,T7_R1_IR,Control (irrigated),3,4,2021-07-26,11:15,15:15,2021-07-28,10:18,14:18,HS,
T7,R1,VR,T7_R1_VR,Variable Rainfall,6,4,2021-07-26,11:16,15:16,2021-07-28,10:18,14:18,ECO,
T7,R2,D1,T7_R2_D1,Y1 Drought (soy),12,4,2021-07-26,10:09,14:09,2021-07-28,9:47,13:47,ECO,
T7,R2,IR,T7_R2_IR,Control (irrigated),3,4,2021-07-26,10:13,14:13,2021-07-28,9:46,13:46,HS,
T7,R2,VR,T7_R2_VR,Variable Rainfall,6,4,2021-07-26,10:09,14:09,2021-07-28,9:46,13:46,HS,
T7,R3,D1,T7_R3_D1,Y1 Drought (soy),12,4,2021-07-26,11:08,15:08,2021-07-28,10:13,14:13,HS,
T7,R3,IR,T7_R3_IR,Control (irrigated),3,4,2021-07-26,11:08,15:08,2021-07-28,10:13,14:13,ECO,
T7,R3,VR,T7_R3_VR,Variable Rainfall,6,4,2021-07-26,11:09,15:09,2021-07-28,10:15,14:15,RM,
T7,R4,D1,T7_R4_D1,Y1 Drought (soy),11,4,2021-07-26,10:34,14:34,2021-07-28,9:59,13:59,ECO,
T7,R4,IR,T7_R4_IR,Control (irrigated),3,4,2021-07-26,10:35,14:35,2021-07-28,10:00,14:00,HS,
T7,R4,VR,T7_R4_VR,Variable Rainfall,4,4,2021-07-26,10:37,14:37,2021-07-28,9:58,13:58,ECO,
T7,R5,D1,T7_R5_D1,Y1 Drought (soy),11,4,2021-07-26,11:41,15:41,2021-07-28,10:38,14:38,HS,
T7,R5,IR,T7_R5_IR,Control (irrigated),3,4,2021-07-26,11:41,15:41,2021-07-28,10:37,14:37,ECO ,
T7,R5,VR,T7_R5_VR,Variable Rainfall,4,4,2021-07-26,11:42,15:42,2021-07-28,10:37,14:37,RCM,
T7,R6,D1,T7_R6_D1,Y1 Drought (soy),11,4,2021-07-26,9:29,13:29,2021-07-28,9:32,13:32,ECO,
T7,R6,IR,T7_R6_IR,Control (irrigated),3,4,2021-07-26,9:28,13:28,2021-07-28,9:30,13:30,HS,
T7,R6,VR,T7_R6_VR,Variable Rainfall,4,4,2021-07-26,9:34,13:34,2021-07-28,9:31,13:31,HS,
T1,R1,D1,T1_R1_D1,Y1 Drought (soy),18,5,2021-08-02,10:53,14:53,2021-08-04,10:43,14:43,HS,label sticking out
T1,R1,IR,T1_R1_IR,Control (irrigated),4,5,2021-08-02,10:49,14:49,2021-08-04,10:40,14:40,HS,label sticking out
T1,R1,VR,T1_R1_VR,Variable Rainfall,13,5,2021-08-02,10:47,14:47,2021-08-04,10:40,14:40,RM,
T1,R2,D1,T1_R2_D1,Y1 Drought (soy),18,5,2021-08-02,10:01,14:01,2021-08-04,10:11,14:11,HS,
T1,R2,IR,T1_R2_IR,Control (irrigated),4,5,2021-08-02,10:02,14:02,2021-08-04,10:12,14:12,RM,
T1,R2,VR,T1_R2_VR,Variable Rainfall,13,5,2021-08-02,9:59,13:59,2021-08-04,10:10,14:10,RM,
T2,R3,D1,T2_R3_D1,Y1 Drought (soy),18,5,2021-08-02,10:25,14:25,2021-08-04,10:25,14:25,RM,
T2,R3,IR,T2_R3_IR,Control (irrigated),4,5,2021-08-02,10:28,14:28,2021-08-04,10:27,14:27,RM,
T2,R3,VR,T2_R3_VR,Variable Rainfall,11,5,2021-08-02,10:27,14:27,2021-08-04,10:25,14:25,HS,label sticking out
T2,R6,D1,T2_R6_D1,Y1 Drought (soy),17,5,2021-08-02,9:29,13:29,2021-08-04,9:50,13:50,RM,
T2,R6,IR,T2_R6_IR,Control (irrigated),3,5,2021-08-02,9:37,13:37,2021-08-04,9:52,13:52,HS,
T2,R6,VR,T2_R6_VR,Variable Rainfall,11,5,2021-08-02,9:32,13:32,2021-08-04,9:51,13:51,HS,label sticking out
T7,R3,D1,T7_R3_D1,Y1 Drought (soy),18,5,2021-08-02,10:14,14:14,2021-08-04,10:19,14:19,HS,
T7,R3,IR,T7_R3_IR,Control (irrigated),4,5,2021-08-02,10:19,14:19,2021-08-04,10:22,14:22,HS,label sticking out
T7,R3,VR,T7_R3_VR,Variable Rainfall,13,5,2021-08-02,10:12,14:12,2021-08-04,10:19,14:19,RM,
T7,R5,D1,T7_R5_D1,Y1 Drought (soy),17,5,2021-08-02,10:38,14:38,2021-08-04,10:34,14:34,HS,label sticking out
T7,R5,IR,T7_R5_IR,Control (irrigated),3,5,2021-08-02,10:39,14:39,2021-08-04,10:33,14:33,RM,
T7,R5,VR,T7_R5_VR,Variable Rainfall,11,5,2021-08-02,10:35,14:35,2021-08-04,10:32,14:32,RM,
T7,R6,D1,T7_R6_D1,Y1 Drought (soy),17,5,2021-08-02,9:46,13:46,2021-08-04,9:59,13:59,HS,
T7,R6,IR,T7_R6_IR,Control (irrigated),3,5,2021-08-02,9:50,13:50,2021-08-04,9:59,13:59,HS,label sticking out
T7,R6,VR,T7_R6_VR,Variable Rainfall,11,5,2021-08-02,9:44,13:44,2021-08-04,10:00,14:00,RM,PVC sticking out/trap was sticking out
T1,R3,D1,T1_R3_D1,Y1 Drought (soy),25,6,2021-08-09,10:09,14:09,2021-08-11,10:10,14:10,JDS,
T1,R3,IR,T1_R3_IR,Control (irrigated),4,6,2021-08-09,10:06,14:06,2021-08-11,10:13,14:13,ECO,
T1,R3,VR,T1_R3_VR,Variable Rainfall,18,6,2021-08-09,10:06,14:06,2021-08-11,10:11,14:11,JDS,
T1,R4,D1,T1_R4_D1,Y1 Drought (soy),25,6,2021-08-09,9:40,13:40,2021-08-11,9:51,13:51,JDS,
T1,R4,IR,T1_R4_IR,Control (irrigated),4,6,2021-08-09,9:47,13:47,2021-08-11,9:52,13:52,JDS,
T1,R4,VR,T1_R4_VR,Variable Rainfall,18,6,2021-08-09,9:43,13:43,2021-08-11,9:55,13:55,ECO,
T2,R4,D1,T2_R4_D1,Y1 Drought (soy),25,6,2021-08-09,9:31,13:31,2021-08-11,9:43,13:43,ECO ,
T2,R4,IR,T2_R4_IR,Control (irrigated),4,6,2021-08-09,9:33,13:33,2021-08-11,9:42,13:42,JDS,
T2,R4,VR,T2_R4_VR,Variable Rainfall,18,6,2021-08-09,9:36,13:36,2021-08-11,9:45,13:45,ECO,
T7,R4,D1,T7_R4_D1,Y1 Drought (soy),25,6,2021-08-09,9:59,13:59,2021-08-11,10:05,14:05,ECO ,
T7,R4,IR,T7_R4_IR,Control (irrigated),4,6,2021-08-09,9:55,13:55,2021-08-11,10:05,14:05,JDS,
T7,R4,VR,T7_R4_VR,Variable Rainfall,18,6,2021-08-09,9:56,13:56,2021-08-11,10:06,14:06,ECO,
T2,R1,D1,T2_R1_D1,Y1 Drought (soy),27,7,2021-08-11,10:32,14:32,2021-08-13,10:17,14:17,HS,
T2,R1,IR,T2_R1_IR,Control (irrigated),7,7,2021-08-11,10:36,14:36,2021-08-13,10:17,14:17,RM,"irrigation was on, water in trap"
T2,R1,VR,T2_R1_VR,Variable Rainfall,1,7,2021-08-11,10:31,14:31,2021-08-13,10:19,14:19,JDS,
T7,R1,D1,T7_R1_D1,Y1 Drought (soy),27,7,2021-08-11,9:31,13:31,2021-08-13,10:02,14:02,JDS,
T7,R1,IR,T7_R1_IR,Control (irrigated),7,7,2021-08-11,9:32,13:32,2021-08-13,10:00,14:00,RM,"irrigation was on, water in trap"
T7,R1,VR,T7_R1_VR,Variable Rainfall,1,7,2021-08-11,9:34,13:34,2021-08-13,10:03,14:03,JDS,
T7,R2,D1,T7_R2_D1,Y1 Drought (soy),27,7,2021-08-11,10:18,14:18,2021-08-13,10:12,14:12,JDS,
T7,R2,IR,T7_R2_IR,Control (irrigated),7,7,2021-08-11,10:19,14:19,2021-08-13,10:10,14:10,RM,"irrigation was on, water in trap"
T7,R2,VR,T7_R2_VR,Variable Rainfall,1,7,2021-08-11,10:23,14:23,2021-08-13,10:11,14:11,HS,
T1,R2,D1,T1_R2_D1,Y1 Drought (soy),32,8,2021-08-16,10:02,14:02,2021-08-18,10:32,14:32,JDS,
T1,R2,IR,T1_R2_IR,Control (irrigated),3,8,2021-08-16,10:06,14:06,2021-08-18,10:29,14:29,ECO,
T1,R2,VR,T1_R2_VR,Variable Rainfall,6,8,2021-08-16,10:02,14:02,2021-08-18,10:35,14:35,ECO,
T1,R3,D1,T1_R3_D1,Y1 Drought (soy),32,8,2021-08-16,9:53,13:53,2021-08-18,10:17,14:17,JDS,
T1,R3,IR,T1_R3_IR,Control (irrigated),3,8,2021-08-16,9:50,13:50,2021-08-18,10:20,14:20,ECO,
T1,R3,VR,T1_R3_VR,Variable Rainfall,4,8,2021-08-16,9:50,13:50,2021-08-18,10:22,14:22,JDS,
T2,R1,D1,T2_R1_D1,Y1 Drought (soy),32,8,2021-08-16,9:31,13:31,2021-08-18,10:02,14:02,ECO,
T2,R1,IR,T2_R1_IR,Control (irrigated),3,8,2021-08-16,9:31,13:31,2021-08-18,10:07,14:07,JDS,
T2,R1,VR,T2_R1_VR,Variable Rainfall,6,8,2021-08-16,9:34,13:34,2021-08-18,10:04,14:04,ECO,
T2,R4,D1,T2_R4_D1,Y1 Drought (soy),32,8,2021-08-16,10:42,14:42,2021-08-18,10:50,14:50,JDS,
T2,R4,IR,T2_R4_IR,Control (irrigated),3,8,2021-08-16,10:39,14:39,2021-08-18,10:52,14:52,JDS,
T2,R4,VR,T2_R4_VR,Variable Rainfall,4,8,2021-08-16,10:37,14:37,2021-08-18,10:54,14:54,JDS,
T7,R2,D1,T7_R2_D1,Y1 Drought (soy),32,8,2021-08-16,9:40,13:40,2021-08-18,10:11,14:11,ECO,
T7,R2,IR,T7_R2_IR,Control (irrigated),3,8,2021-08-16,9:40,13:40,2021-08-18,10:14,14:14,JDS,
T7,R2,VR,T7_R2_VR,Variable Rainfall,6,8,2021-08-16,9:44,13:44,2021-08-18,10:13,14:13,ECO,
T7,R3,D1,T7_R3_D1,Y1 Drought (soy),32,8,2021-08-16,10:31,14:31,2021-08-18,10:46,14:46,JDS,
T7,R3,IR,T7_R3_IR,Control (irrigated),3,8,2021-08-16,10:29,14:29,2021-08-18,10:44,14:44,JDS,
T7,R3,VR,T7_R3_VR,Variable Rainfall,6,8,2021-08-16,10:26,14:26,2021-08-18,10:42,14:42,JDS,
T7,R6,D1,T7_R6_D1,Y1 Drought (soy),32,8,2021-08-16,9:24,13:24,2021-08-18,9:55,13:55,ECO,
T7,R6,IR,T7_R6_IR,Control (irrigated),3,8,2021-08-16,9:19,13:19,2021-08-18,9:53,13:53,ECO,
T7,R6,VR,T7_R6_VR,Variable Rainfall,4,8,2021-08-16,9:21,13:21,2021-08-18,9:54,13:54,JDS,
T1,R1,D1,T1_R1_D1,Y1 Drought (soy),39,9,2021-08-23,11:00,15:00,2021-08-25,10:49,14:49,JDS/HS,
T1,R1,IR,T1_R1_IR,Control (irrigated),5,9,2021-08-23,11:03,15:03,2021-08-25,10:46,14:46,JDS,"label out of trap, trap looks watery"
T1,R1,VR,T1_R1_VR,Variable Rainfall,13,9,2021-08-23,11:01,15:01,2021-08-25,10:45,14:45,HS,label out of trap
T1,R4,D1,T1_R4_D1,Y1 Drought (soy),39,9,2021-08-23,10:22,14:22,2021-08-25,10:23,14:23,JDS,label out of trap
T1,R4,IR,T1_R4_IR,Control (irrigated),3,9,2021-08-23,10:26,14:26,2021-08-25,10:25,14:25,JDS/HS,
T1,R4,VR,T1_R4_VR,Variable Rainfall,11,9,2021-08-23,10:32,14:32,2021-08-25,10:23,14:23,JDS/HS,
T2,R3,D1,T2_R3_D1,Y1 Drought (soy),39,9,2021-08-23,10:43,14:43,2021-08-25,10:33,14:33,HS/JDS,"trap filled with dirt, no good"
T2,R3,IR,T2_R3_IR,Control (irrigated),5,9,2021-08-23,10:43,14:43,2021-08-25,10:32,14:32,JDS/HS,
T2,R3,VR,T2_R3_VR,Variable Rainfall,13,9,2021-08-23,10:40,14:40,2021-08-25,10:31,14:31,JDS,
T2,R6,D1,T2_R6_D1,Y1 Drought (soy),39,9,2021-08-23,9:45,13:45,2021-08-25,10:01,14:01,JDS,
T2,R6,IR,T2_R6_IR,Control (irrigated),3,9,2021-08-23,9:42,13:42,2021-08-25,9:59,13:59,JDS,
T2,R6,VR,T2_R6_VR,Variable Rainfall,11,9,2021-08-23,9:49,13:49,2021-08-25,10:03,14:03,JDS,
T7,R1,D1,T7_R1_D1,Y1 Drought (soy),39,9,2021-08-23,11:12,15:12,2021-08-25,10:54,14:54,JDS,
T7,R1,IR,T7_R1_IR,Control (irrigated),5,9,2021-08-23,11:10,15:10,2021-08-25,10:53,14:53,JDS,
T7,R1,VR,T7_R1_VR,Variable Rainfall,13,9,2021-08-23,11:12,15:12,2021-08-25,10:53,14:53,HS,
T7,R4,D1,T7_R4_D1,Y1 Drought (soy),39,9,2021-08-23,10:10,14:10,2021-08-25,10:16,14:16,JDS,
T7,R4,IR,T7_R4_IR,Control (irrigated),3,9,2021-08-23,10:06,14:06,2021-08-25,10:15,14:15,JDS/HS,
T7,R4,VR,T7_R4_VR,Variable Rainfall,11,9,2021-08-23,10:12,14:12,2021-08-25,10:14,14:14,JDS,
T7,R5,D1,T7_R5_D1,Y1 Drought (soy),39,9,2021-08-23,10:53,14:53,2021-08-25,10:38,14:38,JDS,
T7,R5,IR,T7_R5_IR,Control (irrigated),3,9,2021-08-23,10:50,14:50,2021-08-25,10:40,14:40,JDS,
T7,R5,VR,T7_R5_VR,Variable Rainfall,11,9,2021-08-23,10:51,14:51,2021-08-25,10:39,14:39,HS,
T1,R1,D1,T1_R1_D1,Y1 Drought (soy),5,10,2021-09-01,10:47,14:47,2021-09-03,10:31,14:31,JDS/ECO,label out of trap
T1,R1,IR,T1_R1_IR,Control (irrigated),5,10,2021-09-01,10:45,14:45,2021-09-03,10:28,14:28,ECO,
T1,R1,VR,T1_R1_VR,Variable Rainfall,5,10,2021-09-01,10:44,14:44,2021-09-03,10:30,14:30,JDS/ECO,
T1,R2,D1,T1_R2_D1,Y1 Drought (soy),5,10,2021-09-01,11:14,15:14,2021-09-03,10:57,14:57,ECO,
T1,R2,IR,T1_R2_IR,Control (irrigated),5,10,2021-09-01,11:09,15:09,2021-09-03,10:55,14:55,ECO,
T1,R2,VR,T1_R2_VR,Variable Rainfall,5,10,2021-09-01,11:10,15:10,2021-09-03,10:56,14:56,JDS/ECO,
T1,R3,D1,T1_R3_D1,Y1 Drought (soy),2,10,2021-08-31,11:28,15:28,2021-09-02,12:19,16:19,ECO/JDS,
T1,R3,IR,T1_R3_IR,Control (irrigated),2,10,2021-08-31,11:32,15:32,2021-09-02,12:15,16:15,ECO/JDS,"label out, grass sticking out of trap"
T1,R3,VR,T1_R3_VR,Variable Rainfall,2,10,2021-08-31,11:29,15:29,2021-09-02,12:13,16:13,JDS,
T1,R4,D1,T1_R4_D1,Y1 Drought (soy),2,10,2021-08-31,10:49,14:49,2021-09-02,11:28,15:28,JDS,
T1,R4,IR,T1_R4_IR,Control (irrigated),2,10,2021-08-31,10:50,14:50,2021-09-02,11:25,15:25,ECO/JDS,labeled as CR
T1,R4,VR,T1_R4_VR,Variable Rainfall,2,10,2021-08-31,10:53,14:53,2021-09-02,11:22,15:22,JDS,
T2,R1,D1,T2_R1_D1,Y1 Drought (soy),5,10,2021-09-01,11:20,15:20,2021-09-03,11:07,15:07,JDS/ECO,
T2,R1,IR,T2_R1_IR,Control (irrigated),5,10,2021-09-01,11:25,15:25,2021-09-03,11:04,15:04,JDS/ECO,
T2,R1,VR,T2_R1_VR,Variable Rainfall,5,10,2021-09-01,11:20,15:20,2021-09-03,11:05,15:05,ECO,
T2,R3,D1,T2_R3_D1,Y1 Drought (soy),5,10,2021-09-01,10:56,14:56,2021-09-03,10:40,14:40,ECO,
T2,R3,IR,T2_R3_IR,Control (irrigated),5,10,2021-09-01,10:56,14:56,2021-09-03,10:38,14:38,JDS/ECO,
T2,R3,VR,T2_R3_VR,Variable Rainfall,5,10,2021-09-01,10:54,14:54,2021-09-03,10:38,14:38,ECO,
T2,R4,D1,T2_R4_D1,Y1 Drought (soy),2,10,2021-08-31,10:58,14:58,2021-09-02,11:38,15:38,ECO/JDS,
T2,R4,IR,T2_R4_IR,Control (irrigated),2,10,2021-08-31,11:02,15:02,2021-09-02,11:36,15:36,ECO/JDS,labeled as CR
T2,R4,VR,T2_R4_VR,Variable Rainfall,2,10,2021-08-31,11:00,15:00,2021-09-02,11:32,15:32,JDS,
T2,R6,D1,T2_R6_D1,Y1 Drought (soy),2,10,2021-08-31,11:39,15:39,2021-09-02,12:28,16:28,JDS,
T2,R6,IR,T2_R6_IR,Control (irrigated),2,10,2021-08-31,11:42,15:42,2021-09-02,12:25,16:25,JDS,
T2,R6,VR,T2_R6_VR,Variable Rainfall,2,10,2021-08-31,11:39,15:39,2021-09-02,12:31,16:31,ECO/JDS,
T7,R1,D1,T7_R1_D1,Y1 Drought (soy),5,10,2021-09-01,10:37,14:37,2021-09-03,10:23,14:23,JDS/ECO,
T7,R1,IR,T7_R1_IR,Control (irrigated),5,10,2021-09-01,10:36,14:36,2021-09-03,10:21,14:21,ECO,
T7,R1,VR,T7_R1_VR,Variable Rainfall,5,10,2021-09-01,10:35,14:35,2021-09-03,10:22,14:22,JDS/ECO,
T7,R2,D1,T7_R2_D1,Y1 Drought (soy),5,10,2021-09-01,11:29,15:29,2021-09-03,11:14,15:14,JDS/ECO,
T7,R2,IR,T7_R2_IR,Control (irrigated),5,10,2021-09-01,11:29,15:29,2021-09-03,11:11,15:11,ECO,
T7,R2,VR,T7_R2_VR,Variable Rainfall,5,10,2021-09-01,11:32,15:32,2021-09-03,11:12,15:12,JDS/ECO,
T7,R3,D1,T7_R3_D1,Y1 Drought (soy),5,10,2021-09-01,11:02,15:02,2021-09-03,10:49,14:49,ECO,
T7,R3,IR,T7_R3_IR,Control (irrigated),5,10,2021-09-01,11:04,15:04,2021-09-03,10:46,14:46,ECO,
T7,R3,VR,T7_R3_VR,Variable Rainfall,5,10,2021-09-01,11:02,15:02,2021-09-03,10:48,14:48,JDS/ECO,
T7,R4,D1,T7_R4_D1,Y1 Drought (soy),2,10,2021-08-31,11:21,15:21,2021-09-02,12:07,16:07,ECO/JDS,
T7,R4,IR,T7_R4_IR,Control (irrigated),2,10,2021-08-31,11:19,15:19,2021-09-02,12:09,16:09,JDS,
T7,R4,VR,T7_R4_VR,Variable Rainfall,2,10,2021-08-31,11:19,15:19,2021-09-02,12:05,16:05,ECO/JDS,
T7,R5,D1,T7_R5_D1,Y1 Drought (soy),2,10,2021-08-31,11:08,15:08,2021-09-02,11:50,15:50,ECO/JDS,
T7,R5,IR,T7_R5_IR,Control (irrigated),2,10,2021-08-31,11:11,15:11,2021-09-02,11:46,15:46,JDS,
T7,R5,VR,T7_R5_VR,Variable Rainfall,2,10,2021-08-31,11:08,15:08,2021-09-02,11:43,15:43,JDS,
T7,R6,D1,T7_R6_D1,Y1 Drought (soy),2,10,2021-08-31,11:48,15:48,2021-09-02,12:35,16:35,JDS,
T7,R6,IR,T7_R6_IR,Control (irrigated),2,10,2021-08-31,11:49,15:49,2021-09-02,12:39,16:39,ECO/JDS,
T7,R6,VR,T7_R6_VR,Variable Rainfall,2,10,2021-08-31,11:51,15:51,2021-09-02,12:38,16:38,JDS,
T1,R1,D1,T1_R1_D1,Y1 Drought (soy),PostDrought,13,2021-09-22,13:35,17:35,2021-09-24,13:31,17:31,JDS,
T1,R2,D1,T1_R2_D1,Y1 Drought (soy),PostDrought,13,2021-09-22,13:50,17:50,2021-09-24,13:43,17:43,JDS,
T1,R3,D1,T1_R3_D1,Y1 Drought (soy),PostDrought,13,2021-09-22,14:05,18:05,2021-09-24,13:59,17:59,JDS,rain cover off
T1,R4,D1,T1_R4_D1,Y1 Drought (soy),PostDrought,13,2021-09-22,13:49,17:49,2021-09-24,13:58,17:58,ECO,
T2,R1,D1,T2_R1_D1,Y1 Drought (soy),PostDrought,13,2021-09-22,13:56,17:56,2021-09-24,13:49,17:49,JDS,
T2,R3,D1,T2_R3_D1,Y1 Drought (soy),PostDrought,13,2021-09-22,14:09,18:09,2021-09-24,14:22,18:22,ECO,water in trap
T2,R4,D1,T2_R4_D1,Y1 Drought (soy),PostDrought,13,2021-09-22,13:55,17:55,2021-09-24,14:03,18:03,ECO,
T2,R6,D1,T2_R6_D1,Y1 Drought (soy),PostDrought,13,2021-09-22,13:33,17:33,2021-09-24,13:40,17:40,ECO,water in trap
T7,R1,D1,T7_R1_D1,Y1 Drought (soy),PostDrought,13,2021-09-22,13:28,17:28,2021-09-24,13:28,17:28,JDS,
T7,R2,D1,T7_R2_D1,Y1 Drought (soy),PostDrought,13,2021-09-22,14:02,18:02,2021-09-24,13:55,17:55,JDS,
T7,R3,D1,T7_R3_D1,Y1 Drought (soy),PostDrought,13,2021-09-22,13:43,17:43,2021-09-24,13:36,17:36,JDS,
T7,R4,D1,T7_R4_D1,Y1 Drought (soy),PostDrought,13,2021-09-22,13:42,17:42,2021-09-24,13:50,17:50,ECO,
T7,R5,D1,T7_R5_D1,Y1 Drought (soy),PostDrought,13,2021-09-22,14:02,18:02,2021-09-24,14:14,18:14,ECO,
T7,R6,D1,T7_R6_D1,Y1 Drought (soy),PostDrought,13,2021-09-22,13:26,17:26,2021-09-24,13:30,17:30,ECO,"buried, no PVC"
T1,R3,C,T1_R3_C,Control (irrigated),NA,4,2022-06-20,11:40,15:40,2022-06-22,11:33,15:33,ECO,
T1,R3,D1,T1_R3_D1,Y1 Drought (soy),NA,4,2022-06-20,11:41,15:41,2022-06-22,11:33,15:33,JDS,
T1,R3,D2,T1_R3_D2,Y2 Drought (wheat),NA,4,2022-06-20,11:39,15:39,2022-06-22,11:32,15:32,JDS,"wheat in trap, created ramp"
T1,R3,V,T1_R3_V,Variable Rainfall,NA,4,2022-06-20,11:38,15:38,2022-06-22,11:32,15:32,ECO,overflowed
T1,R4,C,T1_R4_C,Control (irrigated),NA,4,2022-06-20,11:12,15:12,2022-06-22,11:12,15:12,ECO,
T1,R4,D1,T1_R4_D1,Y1 Drought (soy),NA,4,2022-06-20,11:14,15:14,2022-06-22,11:11,15:11,ECO,
T1,R4,D2,T1_R4_D2,Y2 Drought (wheat),NA,4,2022-06-20,11:12,15:12,2022-06-22,11:13,15:13,JDS,label might be written as D1 - needs to check
T1,R4,V,T1_R4_V,Variable Rainfall,NA,4,2022-06-20,11:13,15:13,2022-06-22,11:11,15:11,JDS,overflowed
T2,R4,C,T2_R4_C,Control (irrigated),NA,4,2022-06-20,11:24,15:24,2022-06-22,11:17,15:17,JDS,
T2,R4,D1,T2_R4_D1,Y1 Drought (soy),NA,4,2022-06-20,11:22,15:22,2022-06-22,11:19,15:19,JDS,
T2,R4,D2,T2_R4_D2,Y2 Drought (wheat),NA,4,2022-06-20,11:23,15:23,2022-06-22,11:18,15:18,ECO,
T2,R4,V,T2_R4_V,Variable Rainfall,NA,4,2022-06-20,11:21,15:21,2022-06-22,11:18,15:18,ECO,overflowed
T2,R6,C,T2_R6_C,Control (irrigated),NA,4,2022-06-20,11:57,15:57,2022-06-22,11:48,15:48,ECO,
T2,R6,D1,T2_R6_D1,Y1 Drought (soy),NA,4,2022-06-20,11:57,15:57,2022-06-22,11:50,15:50,ECO,"stick in trap, creating ramp"
T2,R6,D2,T2_R6_D2,Y2 Drought (wheat),NA,4,2022-06-20,11:59,15:59,2022-06-22,11:50,15:50,JDS,
T2,R6,V,T2_R6_V,Variable Rainfall,NA,4,2022-06-20,12:00,16:00,2022-06-22,11:48,15:48,JDS,overflowed
T7,R4,C,T7_R4_C,Control (irrigated),NA,4,2022-06-21,15:14,19:14,2022-06-23,15:25,19:25,ACM,
T7,R4,D1,T7_R4_D1,Y1 Drought (soy),NA,4,2022-06-21,15:15,19:15,2022-06-23,15:26,19:26,ACM,
T7,R4,D2,T7_R4_D2,Y2 Drought (wheat),NA,4,2022-06-21,15:17,19:17,2022-06-23,15:24,19:24,ECO,"added rain cover on 6/22/22 (unexpected irrigation), PVC not flush to ground, leaf creating ladder"
T7,R4,V,T7_R4_V,Variable Rainfall,NA,4,2022-06-21,15:14,19:14,2022-06-23,15:25,19:25,ECO,water
T7,R5,C,T7_R5_C,Control (irrigated),NA,4,2022-06-21,15:05,19:05,2022-06-23,15:10,19:10,ACM,switchgrass in trap
T7,R5,D1,T7_R5_D1,Y1 Drought (soy),NA,4,2022-06-21,15:05,19:05,2022-06-23,15:11,19:11,ECO,
T7,R5,D2,T7_R5_D2,Y2 Drought (wheat),NA,4,2022-06-21,14:59,18:59,2022-06-23,15:10,19:10,ECO,added rain cover on 6/22/22 because of unexpected irrigation
T7,R5,V,T7_R5_V,Variable Rainfall,NA,4,2022-06-21,15:06,19:06,2022-06-23,15:10,19:10,ECO,overflowed
T7,R6,C,T7_R6_C,Control (irrigated),NA,4,2022-06-21,15:26,19:26,2022-06-23,15:46,19:46,ACM,
T7,R6,D1,T7_R6_D1,Y1 Drought (soy),NA,4,2022-06-21,15:29,19:29,2022-06-23,15:46,19:46,ECO,ants nest inside PVC - disturbed 
T7,R6,D2,T7_R6_D2,Y2 Drought (wheat),NA,4,2022-06-21,15:24,19:24,2022-06-23,15:46,19:46,ECO,added rain cover on 6/22/22
T7,R6,V,T7_R6_V,Variable Rainfall,NA,4,2022-06-21,15:24,19:24,2022-06-23,15:47,19:47,ACM,
T1,R1,C,T1_R1_C,Control (irrigated),NA,4,2022-06-22,15:04,19:04,2022-06-24,14:30,18:30,ECO,water
T1,R1,D1,T1_R1_D1,Y1 Drought (soy),NA,4,2022-06-22,15:07,19:07,2022-06-24,14:29,18:29,ECO,
T1,R1,D2,T1_R1_D2,Y2 Drought (wheat),NA,4,2022-06-22,15:06,19:06,2022-06-24,14:30,18:30,JDS,rain cover because of unexpected irrigation
T1,R1,V,T1_R1_V,Variable Rainfall,1,4,2022-06-22,15:03,19:03,2022-06-24,14:29,18:29,JDS,
T1,R2,C,T1_R2_C,Control (irrigated),NA,4,2022-06-22,14:32,18:32,2022-06-24,14:15,18:15,JDS,
T1,R2,D1,T1_R2_D1,Y1 Drought (soy),NA,4,2022-06-22,14:30,18:30,2022-06-24,14:14,18:14,ECO,
T1,R2,D2,T1_R2_D2,Y2 Drought (wheat),NA,4,2022-06-22,14:29,18:29,2022-06-24,14:14,18:14,JDS,overflowed; rain cover because of unexpected irrigation (clearly didn't help)
T1,R2,V,T1_R2_V,Variable Rainfall,1,4,2022-06-22,14:28,18:28,2022-06-24,14:13,18:13,ECO,
T2,R1,C,T2_R1_C,Control (irrigated),NA,4,2022-06-22,14:19,18:19,2022-06-24,14:10,18:10,JDS,water
T2,R1,D1,T2_R1_D1,Y1 Drought (soy),NA,4,2022-06-22,14:16,18:16,2022-06-24,14:09,18:09,ECO,
T2,R1,D2,T2_R1_D2,Y2 Drought (wheat),NA,4,2022-06-22,14:15,18:15,2022-06-24,14:09,18:09,JDS,rain cover because of unexpected irrigation
T2,R1,V,T2_R1_V,Variable Rainfall,1,4,2022-06-22,14:19,18:19,2022-06-24,14:10,18:10,ECO,
T2,R3,C,T2_R3_C,Control (irrigated),NA,4,2022-06-22,14:51,18:51,2022-06-24,14:25,18:25,ECO,overflowed/spilled small amount
T2,R3,D1,T2_R3_D1,Y1 Drought (soy),NA,4,2022-06-22,14:54,18:54,2022-06-24,14:24,18:24,JDS,
T2,R3,D2,T2_R3_D2,Y2 Drought (wheat),NA,4,2022-06-22,14:54,18:54,2022-06-24,14:26,18:26,ECO,rain cover because of unexpected irrigation
T2,R3,V,T2_R3_V,Variable Rainfall,1,4,2022-06-22,14:51,18:51,2022-06-24,14:26,18:26,JDS,
T7,R1,C,T7_R1_C,Control (irrigated),NA,4,2022-06-22,15:13,19:13,2022-06-24,14:34,18:34,JDS,"some water, not full"
T7,R1,D1,T7_R1_D1,Y1 Drought (soy),NA,4,2022-06-22,15:16,19:16,2022-06-24,14:35,18:35,JDS,
T7,R1,D2,T7_R1_D2,Y2 Drought (wheat),NA,4,2022-06-22,15:14,19:14,2022-06-24,14:34,18:34,ECO,rain cover because of unexpected irrigation
T7,R1,V,T7_R1_V,Variable Rainfall,1,4,2022-06-22,15:17,19:17,2022-06-24,14:35,18:35,ECO,
T7,R2,C,T7_R2_C,Control (irrigated),NA,4,2022-06-22,13:58,17:58,2022-06-24,14:04,18:04,ECO,overflowed
T7,R2,D1,T7_R2_D1,Y1 Drought (soy),NA,4,2022-06-22,13:58,17:58,2022-06-24,14:03,18:03,JDS,
T7,R2,D2,T7_R2_D2,Y2 Drought (wheat),NA,4,2022-06-22,14:02,18:02,2022-06-24,14:04,18:04,JDS,lots of switchgrass in cup
T7,R2,V,T7_R2_V,Variable Rainfall,1,4,2022-06-22,14:02,18:02,2022-06-24,14:03,18:03,ECO,rain cover because of unexpected irrigation
T7,R3,C,T7_R3_C,Control (irrigated),NA,4,2022-06-22,14:40,18:40,2022-06-24,14:20,18:20,JDS,"being watered when collected, no rain cover"
T7,R3,D1,T7_R3_D1,Y1 Drought (soy),NA,4,2022-06-22,14:44,18:44,2022-06-24,14:21,18:21,JDS,
T7,R3,D2,T7_R3_D2,Y2 Drought (wheat),NA,4,2022-06-22,14:43,18:43,2022-06-24,14:20,18:20,ECO,rain cover because of unexpected irrigation
T7,R3,V,T7_R3_V,Variable Rainfall,1,5,2022-06-22,14:39,18:39,2022-06-24,14:19,18:19,ECO,
T1,R1,C,T1_R1_C,Control (irrigated),3,5,2022-06-27,10:41,14:41,2022-06-29,11:20,15:20,ECO,
T1,R1,D1,T1_R1_D1,Y1 Drought (soy),NA,5,2022-06-27,10:43,14:43,2022-06-29,11:21,15:21,ECO,
T1,R1,D2,T1_R1_D2,Y2 Drought (wheat),4,5,2022-06-27,10:44,14:44,2022-06-29,11:21,15:21,JDS,
T1,R1,V,T1_R1_V,Variable Rainfall,6,5,2022-06-27,10:42,14:42,2022-06-29,11:21,15:21,JDS,
T1,R2,C,T1_R2_C,Control (irrigated),3,5,2022-06-27,10:08,14:08,2022-06-29,10:40,14:40,JDS,
T1,R2,D1,T1_R2_D1,Y1 Drought (soy),NA,5,2022-06-27,10:10,14:10,2022-06-29,10:41,14:41,ECO,
T1,R2,D2,T1_R2_D2,Y2 Drought (wheat),4,5,2022-06-27,10:10,14:10,2022-06-29,10:41,14:41,JDS,
T1,R2,V,T1_R2_V,Variable Rainfall,6,5,2022-06-27,10:07,14:07,2022-06-29,10:40,14:40,ECO,
T2,R1,C,T2_R1_C,Control (irrigated),3,5,2022-06-27,10:02,14:02,2022-06-29,10:37,14:37,ECO,
T2,R1,D1,T2_R1_D1,Y1 Drought (soy),NA,5,2022-06-27,9:59,13:59,2022-06-29,10:36,14:36,JDS,
T2,R1,D2,T2_R1_D2,Y2 Drought (wheat),4,5,2022-06-27,9:59,13:59,2022-06-29,10:36,14:36,ECO,
T2,R1,V,T2_R1_V,Variable Rainfall,6,5,2022-06-27,10:01,14:01,2022-06-29,10:37,14:37,JDS,
T2,R3,C,T2_R3_C,Control (irrigated),3,5,2022-06-27,10:32,14:32,2022-06-29,11:14,15:14,ECO,
T2,R3,D1,T2_R3_D1,Y1 Drought (soy),NA,5,2022-06-27,10:35,14:35,2022-06-29,11:15,15:15,JDS,
T2,R3,D2,T2_R3_D2,Y2 Drought (wheat),4,5,2022-06-27,10:34,14:34,2022-06-29,11:14,15:14,ECO,
T2,R3,V,T2_R3_V,Variable Rainfall,6,5,2022-06-27,10:32,14:32,2022-06-29,11:13,15:13,JDS,
T7,R1,C,T7_R1_C,Control (irrigated),3,5,2022-06-27,10:54,14:54,2022-06-29,11:26,15:26,JDS,
T7,R1,D1,T7_R1_D1,Y1 Drought (soy),NA,5,2022-06-27,10:51,14:51,2022-06-29,11:25,15:25,JDS,
T7,R1,D2,T7_R1_D2,Y2 Drought (wheat),4,5,2022-06-27,10:51,14:51,2022-06-29,11:25,15:25,ECO,
T7,R1,V,T7_R1_V,Variable Rainfall,6,5,2022-06-27,10:54,14:54,2022-06-29,11:26,15:26,ECO,
T7,R2,C,T7_R2_C,Control (irrigated),3,5,2022-06-27,9:52,13:52,2022-06-29,10:32,14:32,JDS,
T7,R2,D1,T7_R2_D1,Y1 Drought (soy),NA,5,2022-06-27,9:49,13:49,2022-06-29,10:30,14:30,ECO,
T7,R2,D2,T7_R2_D2,Y2 Drought (wheat),4,5,2022-06-27,9:50,13:50,2022-06-29,10:31,14:31,JDS,
T7,R2,V,T7_R2_V,Variable Rainfall,6,5,2022-06-27,9:53,13:53,2022-06-29,10:32,14:32,ECO,
T7,R3,C,T7_R3_C,Control (irrigated),3,5,2022-06-27,10:22,14:22,2022-06-29,10:48,14:48,JDS,
T7,R3,D1,T7_R3_D1,Y1 Drought (soy),NA,5,2022-06-27,10:19,14:19,2022-06-29,10:49,14:49,JDS,
T7,R3,D2,T7_R3_D2,Y2 Drought (wheat),4,5,2022-06-27,10:22,14:22,2022-06-29,10:49,14:49,ECO,
T7,R3,V,T7_R3_V,Variable Rainfall,6,5,2022-06-27,10:19,14:19,2022-06-29,10:48,14:48,ECO,
T1,R3,C,T1_R3_C,Control (irrigated),4,6,2022-07-05,14:36,18:36,2022-07-07,14:36,18:36,SRF,
T1,R3,D1,T1_R3_D1,Y1 Drought (soy),NA,6,2022-07-05,14:37,18:37,2022-07-07,14:34,18:34,ECO,dirt way down on one side
T1,R3,D2,T1_R3_D2,Y2 Drought (wheat),11,6,2022-07-05,14:40,18:40,2022-07-07,14:35,18:35,ECO,PVC poking out when setting
T1,R3,V,T1_R3_V,Variable Rainfall,12,6,2022-07-05,14:39,18:39,2022-07-07,14:37,18:37,SRF,no dirt around edge
T7,R4,C,T7_R4_C,Control (irrigated),4,6,2022-07-05,14:48,18:48,2022-07-07,14:41,18:41,SRF,
T2,R4,C,T2_R4_C,Control (irrigated),4,6,2022-07-05,15:10,19:10,2022-07-07,14:54,18:54,ECO,
T7,R4,D1,T7_R4_D1,Y1 Drought (soy),NA,6,2022-07-05,14:51,18:51,2022-07-07,14:43,18:43,ECO,
T2,R4,D1,T2_R4_D1,Y1 Drought (soy),NA,6,2022-07-05,15:08,19:08,2022-07-07,14:53,18:53,ECO,
T7,R4,D2,T7_R4_D2,Y2 Drought (wheat),11,6,2022-07-05,14:49,18:49,2022-07-07,14:42,18:42,SRF,no dirt around edge
T2,R4,D2,T2_R4_D2,Y2 Drought (wheat),11,6,2022-07-05,15:08,19:08,2022-07-07,14:56,18:56,SRF,
T7,R4,V,T7_R4_V,Variable Rainfall,12,6,2022-07-05,14:49,18:49,2022-07-07,14:44,18:44,ECO,
T2,R4,V,T2_R4_V,Variable Rainfall,12,6,2022-07-05,15:10,19:10,2022-07-07,14:55,18:55,SRF,
T2,R6,C,T2_R6_C,Control (irrigated),4,6,2022-07-05,14:25,18:25,2022-07-07,14:19,18:19,ECO,
T2,R6,D1,T2_R6_D1,Y1 Drought (soy),NA,6,2022-07-05,14:26,18:26,2022-07-07,14:17,18:17,SRF,
T2,R6,D2,T2_R6_D2,Y2 Drought (wheat),11,6,2022-07-05,14:28,18:28,2022-07-07,14:18,18:18,ECO,"lots of dirt, over EtOH"
T2,R6,V,T2_R6_V,Variable Rainfall,12,6,2022-07-05,14:25,18:25,2022-07-07,14:16,18:16,SRF,
T1,R4,C,T1_R4_C,Control (irrigated),4,6,2022-07-05,15:01,19:01,2022-07-07,14:49,18:49,SRF,
T1,R4,D1,T1_R4_D1,Y1 Drought (soy),NA,6,2022-07-05,14:59,18:59,2022-07-07,14:50,18:50,SRF,
T1,R4,D2,T1_R4_D2,Y2 Drought (wheat),11,6,2022-07-05,14:59,18:59,2022-07-07,14:47,18:47,ECO,water?
T1,R4,V,T1_R4_V,Variable Rainfall,12,6,2022-07-05,15:01,19:01,2022-07-07,14:48,18:48,ECO,water
T7,R5,C,T7_R5_C,Control (irrigated),4,6,2022-07-05,15:20,19:20,2022-07-07,15:00,19:00,SRF,
T7,R5,D1,T7_R5_D1,Y1 Drought (soy),NA,6,2022-07-05,15:17,19:17,2022-07-07,14:59,18:59,ECO,
T7,R5,D2,T7_R5_D2,Y2 Drought (wheat),11,6,2022-07-05,15:20,19:20,2022-07-07,15:02,19:02,SRF,leaf sticking out
T7,R5,V,T7_R5_V,Variable Rainfall,12,6,2022-07-05,15:18,19:18,2022-07-07,15:03,19:03,ECO,
T7,R6,C,T7_R6_C,Control (irrigated),4,6,2022-07-05,14:14,18:14,2022-07-07,14:28,18:28,SRF,
T7,R6,D1,T7_R6_D1,Y1 Drought (soy),NA,6,2022-07-05,14:15,18:15,2022-07-07,14:29,18:29,ECO,grass sticking out
T7,R6,D2,T7_R6_D2,Y2 Drought (wheat),11,6,2022-07-05,14:16,18:16,2022-07-07,14:27,18:27,SRF,
T7,R6,V,T7_R6_V,Variable Rainfall,12,6,2022-07-05,14:18,18:18,2022-07-07,14:28,18:28,ECO,
T1,R1,D1,T1_R1_D1,Y1 Drought (soy),NA,8,2022-07-18,11:16,15:16,2022-07-20,10:26,14:26,ACM,
T1,R1,D2,T1_R1_D2,Y2 Drought (wheat),25,8,2022-07-18,11:16,15:16,2022-07-20,10:26,14:26,IMW,
T1,R1,V,T1_R1_V,Variable Rainfall,6,8,2022-07-18,11:16,15:16,2022-07-20,10:26,14:26,JDS,
T1,R2,D1,T1_R2_D1,Y1 Drought (soy),NA,8,2022-07-18,10:30,14:30,2022-07-20,10:07,14:07,ACM,no rain cover
T1,R2,D2,T1_R2_D2,Y2 Drought (wheat),25,8,2022-07-18,10:30,14:30,2022-07-20,10:08,14:08,IMW,
T1,R2,V,T1_R2_V,Variable Rainfall,6,8,2022-07-18,10:30,14:30,2022-07-20,10:07,14:07,JDS,
T1,R3,D1,T1_R3_D1,Y1 Drought (soy),NA,8,2022-07-18,10:16,14:16,2022-07-20,10:00,14:00,JDS,
T1,R3,D2,T1_R3_D2,Y2 Drought (wheat),25,8,2022-07-18,10:17,14:17,2022-07-20,10:00,14:00,IMW,EtOH almost all evaporated
T1,R3,V,T1_R3_V,Variable Rainfall,6,8,2022-07-18,10:14,14:14,2022-07-20,10:00,14:00,ACM,label = 19 Jul 22 
T1,R4,D1,T1_R4_D1,Y1 Drought (soy),NA,8,2022-07-18,10:44,14:44,2022-07-20,10:14,14:14,JDS,
T1,R4,D2,T1_R4_D2,Y2 Drought (wheat),25,8,2022-07-18,10:45,14:45,2022-07-20,10:13,14:13,ACM,
T1,R4,V,T1_R4_V,Variable Rainfall,6,8,2022-07-18,10:45,14:45,2022-07-20,10:13,14:13,IMW,
T2,R1,D1,T2_R1_D1,Y1 Drought (soy),NA,8,2022-07-18,9:53,13:53,2022-07-20,9:54,13:54,IMW,
T2,R1,D2,T2_R1_D2,Y2 Drought (wheat),25,8,2022-07-18,9:50,13:50,2022-07-20,9:55,13:55,JDS,
T2,R1,V,T2_R1_V,Variable Rainfall,6,8,2022-07-18,9:49,13:49,2022-07-20,9:54,13:54,ACM,
T2,R3,D1,T2_R3_D1,Y1 Drought (soy),NA,8,2022-07-18,11:00,15:00,2022-07-20,10:20,14:20,ACM,
T2,R3,D2,T2_R3_D2,Y2 Drought (wheat),25,8,2022-07-18,10:58,14:58,2022-07-20,10:20,14:20,JDS,
T2,R3,V,T2_R3_V,Variable Rainfall,6,8,2022-07-18,11:03,15:03,2022-07-20,10:20,14:20,IMW,
T2,R4,D1,T2_R4_D1,Y1 Drought (soy),NA,8,2022-07-18,10:50,14:50,2022-07-20,10:17,14:17,JDS,
T2,R4,D2,T2_R4_D2,Y2 Drought (wheat),25,8,2022-07-18,10:51,14:51,2022-07-20,10:16,14:16,IMW,
T2,R4,V,T2_R4_V,Variable Rainfall,6,8,2022-07-18,10:50,14:50,2022-07-20,10:17,14:17,ACM,
T2,R6,D1,T2_R6_D1,Y1 Drought (soy),NA,8,2022-07-18,9:31,13:31,2022-07-20,9:47,13:47,JDS,
T2,R6,D2,T2_R6_D2,Y2 Drought (wheat),25,8,2022-07-18,9:31,13:31,2022-07-20,9:47,13:47,ACM,
T2,R6,V,T2_R6_V,Variable Rainfall,6,8,2022-07-18,9:31,13:31,2022-07-20,9:47,13:47,"IMW, ECO",
T7,R1,D1,T7_R1_D1,Y1 Drought (soy),NA,8,2022-07-18,11:22,15:22,2022-07-20,10:29,14:29,JDS,
T7,R1,D2,T7_R1_D2,Y2 Drought (wheat),25,8,2022-07-18,11:22,15:22,2022-07-20,10:29,14:29,ACM,ladder
T7,R1,V,T7_R1_V,Variable Rainfall,6,8,2022-07-18,11:24,15:24,2022-07-20,10:29,14:29,IMW,
T7,R2,D1,T7_R2_D1,Y1 Drought (soy),NA,8,2022-07-18,10:09,14:09,2022-07-20,9:58,13:58,JDS,
T7,R2,D2,T7_R2_D2,Y2 Drought (wheat),25,8,2022-07-18,10:09,14:09,2022-07-20,9:58,13:58,ACM,
T7,R2,V,T7_R2_V,Variable Rainfall,6,8,2022-07-18,10:10,14:10,2022-07-20,9:57,13:57,IMW,
T7,R3,D1,T7_R3_D1,Y1 Drought (soy),NA,8,2022-07-18,10:38,14:38,2022-07-20,10:11,14:11,IMW,
T7,R3,D2,T7_R3_D2,Y2 Drought (wheat),25,8,2022-07-18,10:36,14:36,2022-07-20,10:11,14:11,JDS,
T7,R3,V,T7_R3_V,Variable Rainfall,6,8,2022-07-18,10:37,14:37,2022-07-20,10:11,14:11,ACM,
T7,R4,D1,T7_R4_D1,Y1 Drought (soy),NA,8,2022-07-18,10:23,14:23,2022-07-20,10:04,14:04,IMW,
T7,R4,D2,T7_R4_D2,Y2 Drought (wheat),25,8,2022-07-18,10:23,14:23,2022-07-20,10:04,14:04,ACM,ladder
T7,R4,V,T7_R4_V,Variable Rainfall,6,8,2022-07-18,10:22,14:22,2022-07-20,10:04,14:04,JDS,
T7,R5,D1,T7_R5_D1,Y1 Drought (soy),NA,8,2022-07-18,11:10,15:10,2022-07-20,10:23,14:23,IMW,
T7,R5,D2,T7_R5_D2,Y2 Drought (wheat),25,8,2022-07-18,11:09,15:09,2022-07-20,10:23,14:23,ACM,
T7,R5,V,T7_R5_V,Variable Rainfall,6,8,2022-07-18,11:09,15:09,2022-07-20,10:23,14:23,JDS,
T7,R6,D1,T7_R6_D1,Y1 Drought (soy),NA,8,2022-07-18,9:43,13:43,2022-07-20,9:51,13:51,"IMW, ECO",
T7,R6,D2,T7_R6_D2,Y2 Drought (wheat),25,8,2022-07-18,9:42,13:42,2022-07-20,9:51,13:51,ACM,
T7,R6,V,T7_R6_V,Variable Rainfall,6,8,2022-07-18,9:41,13:41,2022-07-20,9:51,13:51,JDS,
T1,R1,C,T1_R1_C,Control (irrigated),1,8,2022-07-19,9:41,13:41,2022-07-21,9:18,13:18,SRF,
T1,R2,C,T1_R2_C,Control (irrigated),1,8,2022-07-19,9:26,13:26,2022-07-21,9:10,13:10,SRF,
T1,R3,C,T1_R3_C,Control (irrigated),1,8,2022-07-19,9:22,13:22,2022-07-21,9:07,13:07,SRF,
T1,R4,C,T1_R4_C,Control (irrigated),1,8,2022-07-19,9:07,13:07,2022-07-21,8:59,12:59,SRF,
T2,R1,C,T2_R1_C,Control (irrigated),1,8,2022-07-19,9:14,13:14,2022-07-21,9:03,13:03,SRF,
T2,R3,C,T2_R3_C,Control (irrigated),1,8,2022-07-19,9:38,13:38,2022-07-21,9:16,13:16,SRF,
T2,R4,C,T2_R4_C,Control (irrigated),1,8,2022-07-19,9:34,13:34,2022-07-21,9:14,13:14,SRF,
T2,R6,C,T2_R6_C,Control (irrigated),1,8,2022-07-19,8:57,12:57,2022-07-21,8:51,12:51,SRF,
T7,R1,C,T7_R1_C,Control (irrigated),1,8,2022-07-19,9:30,13:30,2022-07-21,9:12,13:12,SRF,
T7,R2,C,T7_R2_C,Control (irrigated),1,8,2022-07-19,9:19,13:19,2022-07-21,9:05,13:05,SRF,
T7,R3,C,T7_R3_C,Control (irrigated),1,8,2022-07-19,9:03,13:03,2022-07-21,8:58,12:58,SRF,
T7,R4,C,T7_R4_C,Control (irrigated),1,8,2022-07-19,9:11,13:11,2022-07-21,9:02,13:02,SRF,
T7,R5,C,T7_R5_C,Control (irrigated),1,8,2022-07-19,9:45,13:45,2022-07-21,9:20,13:20,SRF,
T7,R6,C,T7_R6_C,Control (irrigated),1,8,2022-07-19,8:53,12:53,2022-07-21,8:54,12:54,SRF,
T1,R1,C,T1_R1_C,Control (irrigated),4,9,2022-07-25,10:16,14:16,2022-07-27,11:08,15:08,ACM,
T1,R1,D1,T1_R1_D1,Y1 Drought (soy),NA,9,2022-07-25,10:16,14:16,2022-07-27,11:08,15:08,JDS,
T1,R1,D2,T1_R1_D2,Y2 Drought (wheat),32,9,2022-07-25,10:13,14:13,2022-07-27,11:08,15:08,ACM,
T1,R1,V,T1_R1_V,Variable Rainfall,13,9,2022-07-25,10:12,14:12,2022-07-27,11:08,15:08,JDS,label out of trap
T1,R2,C,T1_R2_C,Control (irrigated),4,9,2022-07-25,11:05,15:05,2022-07-27,10:25,14:25,ACM,
T1,R2,D1,T1_R2_D1,Y1 Drought (soy),NA,9,2022-07-25,11:03,15:03,2022-07-27,10:25,14:25,JDS,
T1,R2,D2,T1_R2_D2,Y2 Drought (wheat),32,9,2022-07-25,11:01,15:01,2022-07-27,10:26,14:26,ACM,
T1,R2,V,T1_R2_V,Variable Rainfall,13,9,2022-07-25,11:01,15:01,2022-07-27,10:25,14:25,JDS,
T2,R1,C,T2_R1_C,Control (irrigated),4,9,2022-07-25,11:13,15:13,2022-07-27,10:30,14:30,ACM,
T2,R1,D1,T2_R1_D1,Y1 Drought (soy),NA,9,2022-07-25,11:10,15:10,2022-07-27,10:29,14:29,JDS,
T2,R1,D2,T2_R1_D2,Y2 Drought (wheat),32,9,2022-07-25,11:11,15:11,2022-07-27,10:29,14:29,ACM,
T2,R1,V,T2_R1_V,Variable Rainfall,13,9,2022-07-25,11:12,15:12,2022-07-27,10:29,14:29,JDS,
T2,R3,C,T2_R3_C,Control (irrigated),4,9,2022-07-25,10:26,14:26,2022-07-27,11:11,15:11,ACM,
T2,R3,D1,T2_R3_D1,Y1 Drought (soy),NA,9,2022-07-25,10:23,14:23,2022-07-27,11:12,15:12,JDS,
T2,R3,D2,T2_R3_D2,Y2 Drought (wheat),32,9,2022-07-25,10:23,14:23,2022-07-27,11:12,15:12,ACM,
T2,R3,V,T2_R3_V,Variable Rainfall,13,9,2022-07-25,10:25,14:25,2022-07-27,11:12,15:12,JDS,
T7,R1,C,T7_R1_C,Control (irrigated),4,9,2022-07-25,10:34,14:34,2022-07-27,11:15,15:15,JDS,
T7,R1,D1,T7_R1_D1,Y1 Drought (soy),NA,9,2022-07-25,10:37,14:37,2022-07-27,11:17,15:17,JDS,
T7,R1,D2,T7_R1_D2,Y2 Drought (wheat),32,9,2022-07-25,10:38,14:38,2022-07-27,11:15,15:15,ACM,grass sticking out - ladder
T7,R1,V,T7_R1_V,Variable Rainfall,13,9,2022-07-25,10:35,14:35,2022-07-27,11:15,15:15,ACM,not level with ground
T7,R2,C,T7_R2_C,Control (irrigated),4,9,2022-07-25,11:22,15:22,2022-07-27,10:32,14:32,JDS,
T7,R2,D1,T7_R2_D1,Y1 Drought (soy),NA,9,2022-07-25,11:22,15:22,2022-07-27,10:34,14:34,ACM,
T7,R2,D2,T7_R2_D2,Y2 Drought (wheat),32,9,2022-07-25,11:19,15:19,2022-07-27,10:33,14:33,JDS,
T7,R2,V,T7_R2_V,Variable Rainfall,13,9,2022-07-25,11:19,15:19,2022-07-27,10:32,14:32,ACM,
T7,R3,C,T7_R3_C,Control (irrigated),4,9,2022-07-25,10:45,14:45,2022-07-27,10:20,14:20,JDS,
T7,R3,D1,T7_R3_D1,Y1 Drought (soy),NA,9,2022-07-25,10:51,14:51,2022-07-27,10:20,14:20,ACM,not level with ground
T7,R3,D2,T7_R3_D2,Y2 Drought (wheat),32,9,2022-07-25,10:48,14:48,2022-07-27,10:20,14:20,JDS,
T7,R3,V,T7_R3_V,Variable Rainfall,13,9,2022-07-25,10:45,14:45,2022-07-27,10:20,14:20,ACM,
T1,R1,C,T1_R1_C,Control (irrigated),4,10,2022-08-01,14:31,18:31,2022-08-03,12:04,16:04,JDS/SRF,
T1,R1,D1,T1_R1_D1,Y1 Drought (soy),NA,10,2022-08-01,14:34,18:34,2022-08-03,12:05,16:05,JDS/SRF,
T1,R1,D2,T1_R1_D2,Y2 Drought (wheat),39,10,2022-08-01,14:35,18:35,2022-08-03,12:05,16:05,JDS/SRF,
T1,R1,V,T1_R1_V,Variable Rainfall,20,10,2022-08-01,14:33,18:33,2022-08-03,12:04,16:04,JDS/SRF,
T1,R2,C,T1_R2_C,Control (irrigated),4,10,2022-08-01,12:44,16:44,2022-08-03,11:01,15:01,JDS/SRF,
T1,R2,D1,T1_R2_D1,Y1 Drought (soy),NA,10,2022-08-01,12:42,16:42,2022-08-03,11:02,15:02,JDS/SRF,
T1,R2,D2,T1_R2_D2,Y2 Drought (wheat),39,10,2022-08-01,12:44,16:44,2022-08-03,11:02,15:02,JDS/SRF,
T1,R2,V,T1_R2_V,Variable Rainfall,20,10,2022-08-01,12:41,16:41,2022-08-03,11:01,15:01,JDS/SRF,
T1,R3,C,T1_R3_C,Control (irrigated),2,10,2022-08-01,12:27,16:27,2022-08-03,10:43,14:43,JDS/SRF,
T1,R3,D1,T1_R3_D1,Y1 Drought (soy),NA,10,2022-08-01,12:29,16:29,2022-08-03,10:43,14:43,JDS/SRF,
T1,R3,D2,T1_R3_D2,Y2 Drought (wheat),38,10,2022-08-01,12:28,16:28,2022-08-03,10:43,14:43,JDS/SRF,
T1,R3,V,T1_R3_V,Variable Rainfall,20,10,2022-08-01,12:26,16:26,2022-08-03,10:43,14:43,JDS/SRF,
T1,R4,C,T1_R4_C,Control (irrigated),2,10,2022-08-01,14:08,18:08,2022-08-03,11:23,15:23,JDS/SRF,
T1,R4,D1,T1_R4_D1,Y1 Drought (soy),NA,10,2022-08-01,14:06,18:06,2022-08-03,11:22,15:22,JDS/SRF,
T1,R4,D2,T1_R4_D2,Y2 Drought (wheat),38,10,2022-08-01,14:05,18:05,2022-08-03,11:22,15:22,JDS/SRF,
T1,R4,V,T1_R4_V,Variable Rainfall,20,10,2022-08-01,14:07,18:07,2022-08-03,11:23,15:23,JDS/SRF,
T2,R1,C,T2_R1_C,Control (irrigated),4,10,2022-08-01,12:09,16:09,2022-08-03,10:25,14:25,JDS/SRF,
T2,R1,D1,T2_R1_D1,Y1 Drought (soy),NA,10,2022-08-01,12:03,16:03,2022-08-03,10:21,14:21,JDS/SRF,
T2,R1,D2,T2_R1_D2,Y2 Drought (wheat),39,10,2022-08-01,12:08,16:08,2022-08-03,10:21,14:21,JDS/SRF,
T2,R1,V,T2_R1_V,Variable Rainfall,20,10,2022-08-01,12:05,16:05,2022-08-03,10:25,14:25,JDS/SRF,
T2,R3,C,T2_R3_C,Control (irrigated),4,10,2022-08-01,14:18,18:18,2022-08-03,11:41,15:41,JDS/SRF,
T2,R3,D1,T2_R3_D1,Y1 Drought (soy),NA,10,2022-08-01,14:19,18:19,2022-08-03,11:41,15:41,JDS/SRF,
T2,R3,D2,T2_R3_D2,Y2 Drought (wheat),39,10,2022-08-01,14:19,18:19,2022-08-03,11:44,15:44,JDS/SRF,
T2,R3,V,T2_R3_V,Variable Rainfall,20,10,2022-08-01,14:20,18:20,2022-08-03,11:45,15:45,JDS/SRF,
T2,R4,C,T2_R4_C,Control (irrigated),2,10,2022-08-01,14:14,18:14,2022-08-03,11:32,15:32,JDS/SRF,
T2,R4,D1,T2_R4_D1,Y1 Drought (soy),NA,10,2022-08-01,14:12,18:12,2022-08-03,11:29,15:29,JDS/SRF,
T2,R4,D2,T2_R4_D2,Y2 Drought (wheat),38,10,2022-08-01,14:12,18:12,2022-08-03,11:31,15:31,JDS/SRF,
T2,R4,V,T2_R4_V,Variable Rainfall,20,10,2022-08-01,14:14,18:14,2022-08-03,11:28,15:28,JDS/SRF,
T2,R6,C,T2_R6_C,Control (irrigated),2,10,2022-08-01,11:31,15:31,2022-08-03,9:53,13:53,JDS,
T2,R6,D1,T2_R6_D1,Y1 Drought (soy),NA,10,2022-08-01,11:28,15:28,2022-08-03,9:57,13:57,JDS,
T2,R6,D2,T2_R6_D2,Y2 Drought (wheat),38,10,2022-08-01,11:33,15:33,2022-08-03,9:59,13:59,JDS,
T2,R6,V,T2_R6_V,Variable Rainfall,20,10,2022-08-01,11:26,15:26,2022-08-03,9:56,13:56,JDS,
T7,R1,C,T7_R1_C,Control (irrigated),4,10,2022-08-01,14:40,18:40,2022-08-03,12:10,16:10,JDS/SRF,
T7,R1,D1,T7_R1_D1,Y1 Drought (soy),NA,10,2022-08-01,14:41,18:41,2022-08-03,12:13,16:13,JDS/SRF,
T7,R1,D2,T7_R1_D2,Y2 Drought (wheat),39,10,2022-08-01,14:40,18:40,2022-08-03,12:12,16:12,JDS/SRF,"Sloshed Some out, may have lost species"
T7,R1,V,T7_R1_V,Variable Rainfall,20,10,2022-08-01,14:41,18:41,2022-08-03,12:09,16:09,JDS/SRF,
T7,R2,C,T7_R2_C,Control (irrigated),4,10,2022-08-01,12:22,16:22,2022-08-03,10:35,14:35,JDS/SRF,
T7,R2,D1,T7_R2_D1,Y1 Drought (soy),NA,10,2022-08-01,12:20,16:20,2022-08-03,10:33,14:33,JDS/SRF,
T7,R2,D2,T7_R2_D2,Y2 Drought (wheat),39,10,2022-08-01,12:23,16:23,2022-08-03,10:39,14:39,JDS/SRF,
T7,R2,V,T7_R2_V,Variable Rainfall,20,10,2022-08-01,12:19,16:19,2022-08-03,10:36,14:36,JDS/SRF,
T7,R3,C,T7_R3_C,Control (irrigated),4,10,2022-08-01,14:00,18:00,2022-08-03,11:09,15:09,JDS/SRF,
T7,R3,D1,T7_R3_D1,Y1 Drought (soy),NA,10,2022-08-01,13:58,17:58,2022-08-03,11:13,15:13,JDS/SRF,
T7,R3,D2,T7_R3_D2,Y2 Drought (wheat),39,10,2022-08-01,14:01,18:01,2022-08-03,11:11,15:11,JDS/SRF,
T7,R3,V,T7_R3_V,Variable Rainfall,20,10,2022-08-01,13:59,17:59,2022-08-03,11:09,15:09,JDS/SRF,
T7,R4,C,T7_R4_C,Control (irrigated),2,10,2022-08-01,12:33,16:33,2022-08-03,10:50,14:50,JDS/SRF,
T7,R4,D1,T7_R4_D1,Y1 Drought (soy),NA,10,2022-08-01,12:35,16:35,2022-08-03,10:52,14:52,JDS/SRF,
T7,R4,D2,T7_R4_D2,Y2 Drought (wheat),38,10,2022-08-01,12:33,16:33,2022-08-03,10:54,14:54,JDS/SRF,
T7,R4,V,T7_R4_V,Variable Rainfall,20,10,2022-08-01,12:36,16:36,2022-08-03,10:50,14:50,JDS/SRF,
T7,R5,C,T7_R5_C,Control (irrigated),2,10,2022-08-01,14:27,18:27,2022-08-03,11:56,15:56,JDS/SRF,
T7,R5,D1,T7_R5_D1,Y1 Drought (soy),NA,10,2022-08-01,14:26,18:26,2022-08-03,11:53,15:53,JDS/SRF,
T7,R5,D2,T7_R5_D2,Y2 Drought (wheat),38,10,2022-08-01,14:27,18:27,2022-08-03,11:54,15:54,JDS/SRF,
T7,R5,V,T7_R5_V,Variable Rainfall,20,10,2022-08-01,14:25,18:25,2022-08-03,11:57,15:57,JDS/SRF,Veg Sticking Out
T7,R6,C,T7_R6_C,Control (irrigated),2,10,2022-08-01,11:45,15:45,2022-08-03,10:14,14:14,JDS,
T7,R6,D1,T7_R6_D1,Y1 Drought (soy),NA,10,2022-08-01,11:51,15:51,2022-08-03,10:13,14:13,JDS,
T7,R6,D2,T7_R6_D2,Y2 Drought (wheat),38,10,2022-08-01,11:40,15:40,2022-08-03,10:13,14:13,JDS,
T7,R6,V,T7_R6_V,Variable Rainfall,20,10,2022-08-01,11:47,15:47,2022-08-03,10:12,14:12,JDS,
T1,R1,D2,T1_R1_D2,Y2 Drought (wheat),PostDrought,14,2022-08-29,11:00,15:00,2022-08-31,11:43,15:43,SRF,
T1,R2,D2,T1_R2_D2,Y2 Drought (wheat),PostDrought,14,2022-08-29,10:41,14:41,2022-08-31,11:12,15:12,JDS,
T1,R3,D2,T1_R3_D2,Y2 Drought (wheat),PostDrought,14,2022-08-29,10:29,14:29,2022-08-31,11:00,15:00,JDS,
T1,R4,D2,T1_R4_D2,Y2 Drought (wheat),PostDrought,14,2022-08-29,10:55,14:55,2022-08-31,11:21,15:21,JDS,
T2,R1,D2,T2_R1_D2,Y2 Drought (wheat),PostDrought,14,2022-08-29,10:19,14:19,2022-08-31,10:39,14:39,JDS,
T2,R3,D2,T2_R3_D2,Y2 Drought (wheat),PostDrought,14,2022-08-29,11:04,15:04,2022-08-31,11:31,15:31,JDS,
T2,R4,D2,T2_R4_D2,Y2 Drought (wheat),PostDrought,14,2022-08-29,10:59,14:59,2022-08-31,11:26,15:26,JDS,
T2,R6,D2,T2_R6_D2,Y2 Drought (wheat),PostDrought,14,2022-08-29,10:08,14:08,2022-08-31,10:30,14:30,JDS,
T7,R1,D2,T7_R1_D2,Y2 Drought (wheat),PostDrought,14,2022-08-29,10:56,14:56,2022-08-31,11:48,15:48,SRF,
T7,R2,D2,T7_R2_D2,Y2 Drought (wheat),PostDrought,14,2022-08-29,10:25,14:25,2022-08-31,10:47,14:47,JDS,
T7,R3,D2,T7_R3_D2,Y2 Drought (wheat),PostDrought,14,2022-08-29,10:48,14:48,2022-08-31,11:17,15:17,JDS,
T7,R4,D2,T7_R4_D2,Y2 Drought (wheat),PostDrought,14,2022-08-29,10:34,14:34,2022-08-31,11:07,15:07,JDS,
T7,R5,D2,T7_R5_D2,Y2 Drought (wheat),PostDrought,14,2022-08-29,11:06,15:06,2022-08-31,11:38,15:38,IMW,ladder
T7,R6,D2,T7_R6_D2,Y2 Drought (wheat),PostDrought,14,2022-08-29,10:01,14:01,2022-08-31,10:14,14:14,JDS,
